{
  "ABIRoot": {
    "kind": "Root",
    "name": "BRLMPrinterKit",
    "printedName": "BRLMPrinterKit",
    "children": [
      {
        "kind": "TypeDecl",
        "name": "BRLMPrinterDriver",
        "printedName": "BRLMPrinterDriver",
        "children": [
          {
            "kind": "Function",
            "name": "printImage",
            "printedName": "printImage(withClosures:settings:)",
            "children": [
              {
                "kind": "TypeNominal",
                "name": "BRLMPrintError",
                "printedName": "BRLMPrinterKit.BRLMPrintError",
                "usr": "c:objc(cs)BRLMPrintError"
              },
              {
                "kind": "TypeNominal",
                "name": "Array",
                "printedName": "[() -> Swift.Unmanaged<CoreGraphics.CGImage>?]",
                "children": [
                  {
                    "kind": "TypeFunc",
                    "name": "Function",
                    "printedName": "() -> Swift.Unmanaged<CoreGraphics.CGImage>?",
                    "children": [
                      {
                        "kind": "TypeNominal",
                        "name": "Optional",
                        "printedName": "Swift.Unmanaged<CoreGraphics.CGImage>?",
                        "children": [
                          {
                            "kind": "TypeNominal",
                            "name": "Unmanaged",
                            "printedName": "Swift.Unmanaged<CoreGraphics.CGImage>",
                            "children": [
                              {
                                "kind": "TypeNominal",
                                "name": "CGImage",
                                "printedName": "CoreGraphics.CGImage",
                                "usr": "c:@T@CGImageRef"
                              }
                            ],
                            "usr": "s:s9UnmanagedV"
                          }
                        ],
                        "usr": "s:Sq"
                      },
                      {
                        "kind": "TypeNominal",
                        "name": "Void",
                        "printedName": "()"
                      }
                    ]
                  }
                ],
                "usr": "s:Sa"
              },
              {
                "kind": "TypeNominal",
                "name": "BRLMPrintSettingsProtocol",
                "printedName": "any BRLMPrinterKit.BRLMPrintSettingsProtocol",
                "usr": "c:objc(pl)BRLMPrintSettingsProtocol"
              }
            ],
            "declKind": "Func",
            "usr": "s:So17BRLMPrinterDriverC0A3KitE10printImage12withClosures8settingsSo14BRLMPrintErrorCSays9UnmanagedVySo10CGImageRefaGSgycG_So0I16SettingsProtocol_ptF",
            "mangledName": "$sSo17BRLMPrinterDriverC0A3KitE10printImage12withClosures8settingsSo14BRLMPrintErrorCSays9UnmanagedVySo10CGImageRefaGSgycG_So0I16SettingsProtocol_ptF",
            "moduleName": "BRLMPrinterKit",
            "declAttributes": [
              "AccessControl"
            ],
            "isFromExtension": true,
            "funcSelfKind": "NonMutating"
          }
        ],
        "declKind": "Class",
        "usr": "c:objc(cs)BRLMPrinterDriver",
        "moduleName": "BRLMPrinterKit",
        "isOpen": true,
        "objc_name": "BRLMPrinterDriver",
        "declAttributes": [
          "ObjC",
          "Dynamic"
        ],
        "superclassUsr": "c:objc(cs)NSObject",
        "isExternal": true,
        "inheritsConvenienceInitializers": true,
        "superclassNames": [
          "ObjectiveC.NSObject"
        ],
        "conformances": [
          {
            "kind": "Conformance",
            "name": "Copyable",
            "printedName": "Copyable",
            "usr": "s:s8CopyableP",
            "mangledName": "$ss8CopyableP"
          },
          {
            "kind": "Conformance",
            "name": "Escapable",
            "printedName": "Escapable",
            "usr": "s:s9EscapableP",
            "mangledName": "$ss9EscapableP"
          },
          {
            "kind": "Conformance",
            "name": "Equatable",
            "printedName": "Equatable",
            "usr": "s:SQ",
            "mangledName": "$sSQ"
          },
          {
            "kind": "Conformance",
            "name": "Hashable",
            "printedName": "Hashable",
            "usr": "s:SH",
            "mangledName": "$sSH"
          },
          {
            "kind": "Conformance",
            "name": "CVarArg",
            "printedName": "CVarArg",
            "usr": "s:s7CVarArgP",
            "mangledName": "$ss7CVarArgP"
          },
          {
            "kind": "Conformance",
            "name": "_KeyValueCodingAndObservingPublishing",
            "printedName": "_KeyValueCodingAndObservingPublishing",
            "usr": "s:10Foundation37_KeyValueCodingAndObservingPublishingP",
            "mangledName": "$s10Foundation37_KeyValueCodingAndObservingPublishingP"
          },
          {
            "kind": "Conformance",
            "name": "_KeyValueCodingAndObserving",
            "printedName": "_KeyValueCodingAndObserving",
            "usr": "s:10Foundation27_KeyValueCodingAndObservingP",
            "mangledName": "$s10Foundation27_KeyValueCodingAndObservingP"
          },
          {
            "kind": "Conformance",
            "name": "CustomStringConvertible",
            "printedName": "CustomStringConvertible",
            "usr": "s:s23CustomStringConvertibleP",
            "mangledName": "$ss23CustomStringConvertibleP"
          },
          {
            "kind": "Conformance",
            "name": "CustomDebugStringConvertible",
            "printedName": "CustomDebugStringConvertible",
            "usr": "s:s28CustomDebugStringConvertibleP",
            "mangledName": "$ss28CustomDebugStringConvertibleP"
          }
        ]
      }
    ],
    "json_format_version": 8
  },
  "ConstValues": []
}